0,1,1,1,1,0.30224788600577446,0.20278267696581476,0.259053068730531,0.8712133617206672,0.47324315280376955,-0.10712973001854698,0.13873638803405647
0,0,1,0,1,0.4204287682330937,0.320963559193134,0.3772339509578503,0.753032479493348,0.3936324008731012,-0.43206892030021393,0.18384083263545975
0,1,0,0,1,0.4204287682330937,0.45122183418498485,0.3772339509578503,0.6227742045014971,0.44958553645327576,-0.2023454362684034,0.15147804084071415
0,0,0,1,1,0.5430129734871684,0.45122183418498485,0.3772339509578503,0.5001899992474225,0.469299655987811,-0.12295604828957218,0.14082142756732788
0,1,0,1,1,0.5430129734871684,0.45122183418498485,0.49619135648135726,0.3812325937239155,0.6588046200664507,0.6579717362446101,0.05820714364399953
0,0,0,0,0,0.6120378167635375,0.45122183418498485,0.5652161997577264,0.31220775044754634,0.4225759437028671,-0.31220775044754634,0.08928521409818435
0,1,1,0,1,0.6120378167635375,0.45122183418498485,0.5652161997577264,0.4050075253330232,0.6588676434889403,0.6582521256154992,0.058185642329394355
0,0,1,1,1,0.6810437634471627,0.52022778086861,0.5652161997577264,0.33600157864939806,0.6790571892207629,0.7494424019769382,0.051502143895438605
1,0,0,1,1,0.6810437634471627,0.5831790027990736,0.6281674216881901,0.2730503567189344,0.5878579013907415,0.35511706496925566,0.0849305547230219
1,0,1,1,1,0.6810437634471627,0.5831790027990736,0.718036197482359,0.1831815809247655,0.7536237908902849,1.1180336193566673,0.03035061820763704
1,0,0,0,0,0.6810437634471627,0.6243503091081792,0.7592075037914646,0.14201027461565985,0.4645569760485084,-0.14201027461565985,0.1079065919976672
1,1,1,0,1,0.6810437634471627,0.6243503091081792,0.7592075037914646,0.24601037207801518,0.7425727520485772,1.0593837004773268,0.03313439399392166
1,1,0,0,1,0.7253322200911135,0.6686387657521301,0.7592075037914646,0.20172191543406431,0.6279915880242324,0.5236103046570493,0.06919512929036623
1,0,1,0,1,0.803549346518992,0.6686387657521301,0.7592075037914646,0.12350478900618583,0.6330059012965584,0.5451339767459442,0.06734233424157571
1,1,0,1,1,0.803549346518992,0.745369336719735,0.7592075037914646,0.046774218038580936,0.8199461408049054,1.5159826322718757,0.016209696105523485
1,1,1,1,1,0.8274732864966117,0.745369336719735,0.7831314437690844,0.022850278060961224,0.911583435163763,2.33312378892447,0.003908744468720256
2,1,0,0,1,0.8338869505745637,0.7517830007976871,0.7895451078470365,0.016436613983009163,0.6936948494613954,0.8174503365915546,0.04691142262323862
2,0,1,0,1,0.8924629326329291,0.7517830007976871,0.7895451078470365,-0.04213936807535618,0.6886729181261657,0.7939223688730433,0.04846227595403856
2,0,1,1,1,0.8924629326329291,0.811857383398233,0.7895451078470365,-0.10221375067590203,0.8460064469579938,1.7036162419211716,0.011857007189250594
2,1,1,1,1,0.8924629326329291,0.8299133715409529,0.8076010959897564,-0.12026973881862195,0.9340262211527948,2.65024713898226,0.002176269747689972
2,0,0,0,0,0.8961217800484883,0.8335722189565121,0.8112599434053156,-0.12392858623418117,0.5309425546196781,0.12392858623418117,0.14094999815303494
2,1,1,0,1,0.8961217800484883,0.8335722189565121,0.8112599434053156,-0.004924023326138574,0.8500021632723901,1.734618022331139,0.011249675511481361
2,0,0,1,1,0.9133338273860572,0.850784266294081,0.8112599434053156,-0.022136070663707434,0.697072519944856,0.8333960140690231,0.04588252908627984
2,1,0,1,1,0.9133338273860572,0.850784266294081,0.8688301537142248,-0.07970628097261666,0.8655147934203461,1.8618702620728986,0.009043135394386092
3,0,1,1,1,0.9274223688189969,0.850784266294081,0.8829186951471645,-0.0937948224055564,0.8614633717709674,1.8274977838468018,0.00959619868053459
3,1,0,1,1,0.9274223688189969,0.8656644589028124,0.8977988877558959,-0.10867501501428778,0.8736800513903212,1.9338962715891808,0.007978364708375943
3,0,0,0,0,0.9399693373781611,0.8656644589028124,0.9103458563150602,-0.1212219835734521,0.530268439323625,0.1212219835734521,0.1405923088713565
3,1,1,0,1,0.9399693373781611,0.8656644589028124,0.9103458563150602,-0.0023488231760250555,0.8591178787768444,1.8079826194569986,0.009923886040167952
3,0,0,1,1,0.9553157556414551,0.8810108771661064,0.9103458563150602,-0.017695241439319068,0.7166776977566961,0.9280410977543793,0.04013576347422303
3,1,0,0,1,0.9553157556414551,0.8810108771661064,0.9621217881310044,-0.06947117325526328,0.7359039857868622,1.0247869288967184,0.034873352361632935
3,1,1,1,1,1.0015099458426708,0.8810108771661064,0.9621217881310044,-0.11566536345647893,0.9507484170947813,2.9603079745962604,0.001212859209334815
3,0,1,0,1,1.0035855689948519,0.8830865003182874,0.9641974112831854,-0.11774098660865996,0.731221241324388,1.0008274869269473,0.036121010557601425
4,1,0,1,1,1.0035855689948519,0.9306289106383645,0.9641974112831854,-0.16528339692873711,0.8940757585314589,2.133066377206774,0.005609972465342897
4,1,1,0,1,1.0126139016919775,0.9306289106383645,0.973225743980311,-0.1743117296258628,0.8925977156859507,2.117554541956205,0.00576762533793794
4,0,0,0,0,1.021880606254814,0.939895615201201,0.973225743980311,-0.18357843418869926,0.5457661501058688,0.18357843418869926,0.14893034530069088
4,1,1,1,1,1.021880606254814,0.939895615201201,0.973225743980311,-0.06180986678710801,0.9524298880542434,2.9968118322234343,0.0011314577752659053
4,0,1,1,1,1.0238203478188364,0.9418353567652233,0.9751654855443334,-0.0637496083511303,0.8787611378506688,1.980750450660687,0.007349430847632269
4,1,0,0,1,1.0238203478188364,0.9534604663508196,0.9867905951299296,-0.07537471793672655,0.7501092547830092,1.099195065755563,0.031222692272551516
4,0,1,0,1,1.0659771225980255,0.9534604663508196,0.9867905951299296,-0.11753149271591566,0.7447855132381996,1.0709919590667352,0.03256721712654459
4,0,0,1,1,1.0659771225980255,0.9971205310910197,0.9867905951299296,-0.16119155745611577,0.7591421559002302,1.1479821525860454,0.02900625053219452
5,0,0,1,1,1.0659771225980255,0.9971205310910197,1.0264263567443959,-0.200827319070582,0.7733375418735771,1.227253675814978,0.025687934961956215
5,1,0,0,1,1.0659771225980255,0.9971205310910197,1.0621841568071135,-0.23658511913329955,0.7862658883087706,1.302562241731325,0.02284113525021945
5,1,1,1,1,1.0983036924935157,0.9971205310910197,1.0621841568071135,-0.26891168902878976,0.9685231511867147,3.4265200694204383,4.953960056072093E-4
5,0,1,1,1,1.0991673369943005,0.9979841755918045,1.0630478013078983,-0.26977533352957456,0.9113965510414399,2.3308073104292775,0.003925285583676082
5,0,1,0,1,1.0991673369943005,1.0044236607288717,1.0694872864449654,-0.27621481866664166,0.7825584401418898,1.2806384793955132,0.02364041597676406
5,1,0,1,1,1.0991673369943005,1.037723673420819,1.0694872864449654,-0.3095148313585891,0.9225971767363846,2.4781694547978548,0.002995598524589238
5,0,0,0,0,1.1041420523288596,1.037723673420819,1.0744620017795246,-0.31448954669314816,0.5779807285797698,0.31448954669314816,0.16703086130480074
5,1,1,0,1,1.1041420523288596,1.037723673420819,1.0744620017795246,-0.1876071103865662,0.911288729223965,2.3294728361362447,0.003934844781349502
6,1,1,0,1,1.1105964557897408,1.0441780768817002,1.0744620017795246,-0.19406151384744735,0.9128416658624444,2.348836046518888,0.003798287604816893
6,0,1,1,1,1.116837479122031,1.0504191002139904,1.0744620017795246,-0.20030253717973767,0.9109413715187145,2.325183639173253,0.003965719653483822
6,0,0,0,0,1.116837479122031,1.0569216687943563,1.0809645703598905,-0.20680510576010355,0.5515177962498177,0.20680510576010355,0.1520859397901277
6,0,0,1,1,1.116837479122031,1.0569216687943563,1.0809645703598905,-0.08403099837441433,0.7622392503472099,1.1649955687343048,0.028265087037728374
6,1,0,1,1,1.116837479122031,1.0569216687943563,1.1197451361182365,-0.12281156413276043,0.9136780361121352,2.359394179373028,0.0037257407247289205
6,0,1,0,1,1.122964908565211,1.0569216687943563,1.1258725655614163,-0.1289389935759404,0.7659999297340874,1.1858606623702967,0.027378016442226025
6,1,1,1,1,1.122964908565211,1.0946704744021631,1.1258725655614163,-0.1666877991837473,0.9709764810687462,3.5101957477125376,4.211823255764229E-4
6,1,0,0,1,1.1237010332034887,1.095406599040441,1.1266086901996941,-0.1674239238220251,0.7843375389593257,1.2911249570255139,0.023255148551060187
7,0,0,1,1,1.1565328279722984,1.095406599040441,1.1266086901996941,-0.20025571859083482,0.7903214982305429,1.326864408790529,0.021982537052142117
7,1,0,0,1,1.1565328279722984,1.095406599040441,1.1578805791120175,-0.2315276075031581,0.8002824221899077,1.3880604354754564,0.019943555443165128
7,1,1,1,1,1.1852616863151413,1.095406599040441,1.1578805791120175,-0.26025646584600093,0.9758448341971234,3.6988053303136006,2.91736017482229E-4
7,0,1,1,1,1.1857741266692379,1.0959190393945375,1.158393019466114,-0.2607689062000976,0.925192312328076,2.5150809650607493,0.002798095067410067
7,1,0,1,1,1.1857741266692379,1.1005788362764932,1.1630528163480698,-0.26542870308205324,0.9317734325586284,2.6142556460993607,0.002327432252416011
7,0,0,0,0,1.1896776778392242,1.1005788362764932,1.166956367518056,-0.2693322542520396,0.5669289670193416,0.2693322542520396,0.16070422682280885
7,1,1,0,1,1.1896776778392242,1.1005788362764932,1.166956367518056,-0.14405883232591823,0.9194068700726683,2.4343153464416356,0.003247626295741884
7,0,1,0,1,1.195052279709145,1.105953438146414,1.166956367518056,-0.14943343419583896,0.7782309614544667,1.255386872342253,0.02459075322870512
8,1,1,0,1,1.195052279709145,1.1404005520969305,1.166956367518056,-0.18388054814635546,0.9254860966983764,2.519333379952431,0.0027761608926218525
8,1,0,1,1,1.1996770166641197,1.1450252890519053,1.166956367518056,-0.18850528510133016,0.9279179774147664,2.5551386692835063,0.00259790898998906
8,0,0,0,0,1.2040161802840166,1.1450252890519053,1.171295531137953,-0.19284444872122708,0.5480622555588982,0.19284444872122708,0.15018611798415352
8,0,0,1,1,1.2040161802840166,1.1450252890519053,1.171295531137953,-0.07066985298660472,0.7759059325337209,1.2419653841245577,0.02510907553679063
8,0,1,1,1,1.2040161802840166,1.1450252890519053,1.2063636363429326,-0.10573795819158444,0.9210810663906842,2.4571268835864224,0.0031140990410157966
8,1,0,0,1,1.2040161802840166,1.1501882968498862,1.2115266441409136,-0.1109009659895655,0.7883348091138908,1.314917146273582,0.022401076516426532
8,0,1,0,1,1.2358033673671576,1.1501882968498862,1.2115266441409136,-0.1426881530727065,0.7846336602244028,1.2928764499225927,0.023191330154168983
8,1,1,1,1,1.2358033673671576,1.182942353725695,1.2115266441409136,-0.1754422099485152,0.9782407015594405,3.8057145751822814,2.367335343126667E-4
9,1,0,1,1,1.2362202156487971,1.1833592020073345,1.2119434924225532,-0.1758590582301548,0.9323917326228306,2.624022766301505,0.0022854389088714146
9,1,1,1,1,1.2400558794680805,1.1833592020073345,1.2157791562418365,-0.17969472204943804,0.9785193695026954,3.81888895976669,2.3070874328086715E-4
9,1,1,0,1,1.2404622348213057,1.1837655573605597,1.2161855115950617,-0.18010107740266315,0.9311396592478539,2.604328869584528,0.0023708732642508355
9,0,0,1,1,1.2444359402434155,1.1877392627826695,1.2161855115950617,-0.18407478282477302,0.8022251901030323,1.4002602944198348,0.01955743771489086
9,1,0,0,1,1.2444359402434155,1.1877392627826695,1.2444265561348236,-0.21231582736453478,0.8110353633040429,1.4567517676079502,0.017853816960817528
9,0,0,0,0,1.2705000787087404,1.1877392627826695,1.2444265561348236,-0.23837996582985974,0.5593143787753858,0.23837996582985974,0.15641628715244787
9,0,1,1,1,1.2705000787087404,1.1877392627826695,1.2444265561348236,-0.11430523021769629,0.9273360785625574,2.5464710491351896,0.0026400227393334154
9,0,1,0,1,1.2705000787087404,1.1921460017846064,1.2488332951367604,-0.11871196921963326,0.7876566900567983,1.3108579710042396,0.022544840638817315
10,0,0,0,0,1.2705000787087404,1.2241096719843783,1.2488332951367604,-0.15067563941940518,0.5375978043783672,0.15067563941940518,0.1445056996362206
10,0,0,1,1,1.2705000787087404,1.2241096719843783,1.2488332951367604,-0.03040008439447371,0.7823192524025657,1.279233379531234,0.023692453937288943
10,1,0,0,1,1.2705000787087404,1.2241096719843783,1.2821964082700041,-0.0637631975277175,0.7915449562850957,1.334263276236458,0.021726752625091335
10,1,0,1,1,1.3014559413310614,1.2241096719843783,1.2821964082700041,-0.09471906015003852,0.9357382624022852,2.678371409751104,0.0020647854595387764
10,1,1,0,1,1.3049337190957175,1.2241096719843783,1.2856741860346603,-0.09819683791469469,0.9325942711248673,2.6272402289947907,0.002271766142593952
10,0,1,1,1,1.308747264057571,1.2279232169462317,1.2856741860346603,-0.1020103828765481,0.931859340218129,2.6156077858574402,0.002321574757754346
10,0,1,0,1,1.308747264057571,1.231817302965882,1.2895682720543107,-0.10590446889619855,0.7921150379985019,1.3377217718620806,0.02160807871318215
10,1,1,1,1,1.308747264057571,1.2626262543296225,1.2895682720543107,-0.13671342025993896,0.9819723278709901,3.9976552107014434,1.6249848119554032E-4
11,1,1,0,1,1.3090344882789102,1.2629134785509617,1.2898554962756499,-0.1370006444812781,0.9375526205369036,2.70894861131115,0.0019498376009039783
11,0,0,0,0,1.3123250239131383,1.2662040141851898,1.2898554962756499,-0.14029118011550615,0.5350153839158743,0.14029118011550615,0.1431207305133252
11,1,1,1,1,1.3123250239131383,1.2662040141851898,1.2898554962756499,-0.020503091838953505,0.979942438643946,3.8888876262129313,2.011528837759347E-4
11,1,0,0,1,1.3126798367585801,1.2665588270306316,1.2902103091210917,-0.020857904684395277,0.7914252166051573,1.3335377414429754,0.021751720134102776
11,0,1,1,1,1.343666584432181,1.2665588270306316,1.2902103091210917,-0.05184465235799597,0.9314138951830552,2.6086137885097194,0.002352026886980471
11,0,0,1,1,1.343666584432181,1.2705021059745116,1.2941535880649717,-0.05578793130187593,0.7941200671667735,1.3499415193668476,0.02119327337170692
11,1,0,1,1,1.343666584432181,1.2705021059745116,1.3244475946771344,-0.08608193791403859,0.9401498937674249,2.7541961170233535,0.001791017608025265
11,0,1,0,1,1.3466974694572378,1.2705021059745116,1.3274784797021912,-0.08911282293909556,0.7956971064473894,1.3596149289136072,0.02086983615698466
12,1,0,1,1,1.3466974694572378,1.3003930288103704,1.3274784797021912,-0.1190037457749544,0.942306153001175,2.7931796949343837,0.001664289990761912
12,0,1,0,1,1.3495203567148495,1.3003930288103704,1.330301366959803,-0.12182663303256619,0.8056861535373887,1.4222196618429366,0.018878935463547637
12,0,0,1,1,1.3495203567148495,1.3277719232240819,1.330301366959803,-0.14920552744627752,0.8144980884670462,1.4795068944060805,0.017205479591189912
12,1,1,1,1,1.3495203567148495,1.3277719232240819,1.3555262613885324,-0.17443042187500685,0.9853311121811106,4.2072489632024705,1.075881349215812E-4
12,1,1,0,1,1.349711174600801,1.3279627411100334,1.355717079274484,-0.17462123976095845,0.9454372011002884,2.852295155471793,0.001488549511885185
12,0,0,0,0,1.3522443687523897,1.3304959352616221,1.355717079274484,-0.17715443391254712,0.5441731424968304,0.17715443391254712,0.14806220450743782
12,0,1,1,1,1.3522443687523897,1.3304959352616221,1.355717079274484,-0.05567112100043649,0.9394533565002741,2.7418841355365426,0.0018329480195414527
12,1,0,0,1,1.3522443687523897,1.33359547976627,1.3588166237791317,-0.05877066550508423,0.803925991820931,1.4110150342574739,0.019222508341702797
13,1,1,0,1,1.3800606221033909,1.33359547976627,1.3588166237791317,-0.08658691885608541,0.9426889550703108,2.800243020725746,0.0016422779354664267
13,0,0,0,0,1.3828473051910466,1.3363821628539256,1.3588166237791317,-0.08937360194374118,0.5223285397680597,0.08937360194374118,0.13641355172811676
13,1,1,1,1,1.3828473051910466,1.3363821628539256,1.3588166237791317,0.027915946865169572,0.9828781569905006,4.050130144958934,1.4657875402097125E-4
13,1,0,0,1,1.3831066294911376,1.3366414871540166,1.3590759480792227,0.027656622565078597,0.7950192094250932,1.355450006926059,0.021008562252356904
13,0,0,1,1,1.4131706084865856,1.3366414871540166,1.3590759480792227,-0.0024073564303693507,0.7960006678049175,1.361483304509592,0.020807863768019807
13,0,1,0,1,1.4131706084865856,1.3366414871540166,1.3888894802981102,-0.032220888649256874,0.7971962910830598,1.3688623758032734,0.020564672175233507
13,0,1,1,1,1.4131706084865856,1.3661508318478,1.3888894802981102,-0.06173023334304015,0.943575373501285,2.8167705454889505,0.0015918692377597482
13,1,0,1,1,1.4131706084865856,1.3688545193468518,1.391593167797162,-0.064433920842092,0.9463025943740182,2.86919769712584,0.0014417056854806108
14,1,0,0,1,1.4156263301814749,1.3688545193468518,1.3940488894920513,-0.06688964253698133,0.8149523027867963,1.4825159727184563,0.017121325121954755
14,1,0,1,1,1.440741844184292,1.3688545193468518,1.3940488894920513,-0.09200515653979854,0.949155268534408,2.926795890216142,0.00129259335890408
14,1,1,0,1,1.4429502134183096,1.3688545193468518,1.3962572587260689,-0.09421352577381606,0.9481431403328683,2.9060182585389773,0.001344566947268296
14,0,1,0,1,1.445244928888297,1.371149234816839,1.3962572587260689,-0.09650824124380339,0.8127010727972814,1.4676574760606425,0.017540444065644634
14,1,1,1,1,1.445244928888297,1.3968084826939213,1.3962572587260689,-0.12216748912088557,0.9873887948274735,4.360478159429173,7.952124795177897E-5
14,0,1,1,1,1.4453862619888178,1.3969498157944422,1.3963985918265898,-0.12230882222140647,0.9486150246074434,2.9156572298424384,0.0013202078480468236
14,0,0,0,0,1.4453862619888178,1.3992040799949137,1.3986528560270612,-0.12456308642187786,0.5311005690620648,0.12456308642187786,0.14103390722902454
14,0,0,1,1,1.4453862619888178,1.3992040799949137,1.3986528560270612,-0.005527792505120185,0.8028464563391599,1.4041806485321815,0.0194347598890134
15,1,1,0,1,1.4453862619888178,1.3992040799949137,1.4267384866191155,-0.03361342309717452,0.9467583935250945,2.878203765080906,0.0014173343300143497
15,1,1,1,1,1.447801633700888,1.401619451706984,1.4267384866191155,-0.03602879480924476,0.9867731114479162,4.312188366836232,8.74752903846222E-5
15,0,1,0,1,1.4479570065769298,1.4017748245830257,1.4268938594951572,-0.03618416768528652,0.8081383907055855,1.4379589922683123,0.01840543856052129
15,0,0,1,1,1.4479570065769298,1.42854827928038,1.4268938594951572,-0.06295762238264088,0.8160559797769426,1.4898514818777981,0.016917701287910283
15,0,0,0,0,1.4479570065769298,1.42854827928038,1.4517442838352999,-0.08780804672278357,0.5219379179167917,0.08780804672278357,0.13620959507965777
15,1,0,0,1,1.4479570065769298,1.42854827928038,1.4517442838352999,0.029401909999501902,0.8051118011966508,1.4185550965774278,0.018990705016406876
15,0,1,1,1,1.4754783598760863,1.42854827928038,1.4517442838352999,0.0018805567003453948,0.9467688893565871,2.878412006415335,0.0014167755701656333
15,1,0,1,1,1.4754783598760863,1.43096272553984,1.4541587300947598,-5.33889559114477E-4,0.9493179021111874,2.9301709795299606,0.0012843375232055921
16,0,1,1,1,1.4776730001617242,1.43096272553984,1.4563533703803977,-0.002728529844752457,0.9473521073678931,2.89004462576499,0.0013859002993009278
16,0,0,0,0,1.4776730001617242,1.4333260095643001,1.4587166544048578,-0.005091813869212607,0.501272950717034,0.005091813869212607,0.12563728556028103
16,0,1,0,1,1.4776730001617242,1.4333260095643001,1.4587166544048578,0.10769386900410802,0.7901172217834322,1.325632140560192,0.022025390295952484
16,1,0,1,1,1.4776730001617242,1.4646507619051008,1.4587166544048578,0.07636911666330727,0.9458343517207306,2.860020537903275,0.0014669587267567598
16,1,0,0,1,1.4801705000831058,1.4646507619051008,1.4612141543262394,0.07387161674192579,0.8031815239971007,1.40629888334118,0.019368756248051917
16,1,1,1,1,1.5081724289733354,1.4646507619051008,1.4612141543262394,0.04586968785169612,0.9877289762890649,4.388167657352979,7.528901145716617E-5
16,0,0,1,1,1.5083062862221177,1.4647846191538831,1.4613480115750217,0.0457358306029138,0.804649623094798,1.4156121809721078,0.019080884878502232
16,1,1,0,1,1.5083062862221177,1.4647846191538831,1.4889841798614654,0.01809966231647011,0.9504988590643013,2.954991243059531,0.001225181476967952
17,0,1,0,1,1.5104024466949262,1.4668807796266916,1.4889841798614654,0.016003501843661554,0.8101334111709259,1.45087727778303,0.018024660776794352
17,0,1,1,1,1.5104024466949262,1.4931650634832374,1.4889841798614654,-0.010280782012884206,0.9522309666344492,2.992430025357587,0.0011409402743395541
17,0,0,0,0,1.5104024466949262,1.495120653071789,1.490939769450017,-0.012236371601435956,0.5030590547314073,0.012236371601435956,0.12653420627362855
17,1,1,1,1,1.5104024466949262,1.495120653071789,1.490939769450017,0.10094767893253453,0.9878177132654374,4.395515190284197,7.420405504154951E-5
17,1,0,0,1,1.5105343868388652,1.4952525932157281,1.491071709593956,0.10081573878859544,0.8037215632531582,1.4097186480502697,0.01926261236589198
17,1,0,1,1,1.538401585300363,1.4952525932157281,1.491071709593956,0.07294854032709766,0.9505709621475841,2.9565247545672215,0.0012216148915077832
17,0,0,1,1,1.5404918022573928,1.4952525932157281,1.493161926550986,0.0708583233700678,0.8056992947182375,1.4223036031809182,0.018876382036495158
17,1,1,0,1,1.5404918022573928,1.4952525932157281,1.520537564399531,0.043482685521522714,0.9522233098630597,2.9922617099515985,0.0011413060602206045
18,1,1,1,1,1.5424480030790069,1.4972087940373422,1.520537564399531,0.041526484699908654,0.9892140659952151,4.518667876815971,5.8168186177787525E-5
18,1,0,1,1,1.5425515764973357,1.497312367455671,1.5206411378178597,0.04142291128157976,0.9535479805014277,3.0217698030336155,0.0010788950577478682
18,0,0,1,1,1.5444033772636148,1.497312367455671,1.5224929385841388,0.039571110515300545,0.8150134999985951,1.4829218280688383,0.01711000259138489
18,0,0,0,0,1.5444033772636148,1.497312367455671,1.5475937281587202,0.014470320940719202,0.4963824828873157,-0.014470320940719202,0.12319778465868812
18,0,1,1,1,1.5444033772636148,1.497312367455671,1.5475937281587202,0.1261505333031842,0.9487658417092651,2.918755562311207,0.0013124694878800375
18,0,1,0,1,1.5444033772636148,1.4995537746487662,1.5498351353518154,0.12390912611008899,0.7982906007599533,1.375644648538677,0.020343340870890278
18,1,1,0,1,1.5444033772636148,1.5287855906982837,1.5498351353518154,0.09467731006057147,0.9515938598601965,2.978511657901327,0.0011715772016171473
18,1,0,0,1,1.5464101354721547,1.5307923489068236,1.5498351353518154,0.09267055185203155,0.8105732924514235,1.453739583620123,0.017941238766346963
19,0,0,0,0,1.5725869756316455,1.5307923489068236,1.5498351353518154,0.06649371169254059,0.4833826942909842,-0.06649371169254059,0.11682941457000554
19,1,0,0,1,1.5725869756316455,1.5307923489068236,1.5498351353518154,0.1751346869814328,0.8017792939748438,1.3974522886502128,0.019645724148555692
19,0,1,0,1,1.6009397383390618,1.5307923489068236,1.5498351353518154,0.14678192427401646,0.7996343197638967,1.384010424632807,0.02007320290823821
19,1,0,1,1,1.6009397383390618,1.5596845484222448,1.5498351353518154,0.11788972475859534,0.9540378515309468,3.032885148932282,0.0010562595459456456
19,0,0,1,1,1.6027536191972331,1.5596845484222448,1.5516490162099867,0.11607584390042387,0.807768195596103,1.4355731723095628,0.018476533312189052
19,1,1,1,1,1.6027536191972331,1.5596845484222448,1.5785135769640115,0.08921128314639905,0.9905452703515408,4.6517404614370905,4.469595636272643E-5
19,0,1,1,1,1.6028333112599553,1.559764240484967,1.5785932690267337,0.08913159108367696,0.9547490954389842,3.0492259184280233,0.001023822181795079
19,1,1,0,1,1.6028333112599553,1.5615237284284935,1.5803527569702602,0.08737210314015037,0.9559333501699769,3.0769849365482984,9.709348136209358E-4
20,0,0,0,0,1.6045039794044818,1.56319439657302,1.5803527569702602,0.08570143499562399,0.4785877452602016,-0.08570143499562399,0.1145231149566218
20,0,0,1,1,1.6045039794044818,1.56319439657302,1.5803527569702602,0.1931861950564671,0.8001395156124915,1.3871665619137932,0.01997210660980476
20,1,1,0,1,1.6045039794044818,1.56319439657302,1.6091176060456147,0.16442134598111272,0.9527219527187798,3.003277029996389,0.0011176068773626464
20,1,1,1,1,1.6064205628963129,1.565110980064851,1.6091176060456147,0.16250476248928153,0.990225390096903,4.618144386517497,4.777149937886073E-5
20,1,0,0,1,1.6065057110892071,1.5651961282577453,1.609202754238509,0.16241961429638724,0.8090866095482556,1.44408609679282,0.018223961326890102
20,0,1,0,1,1.6330462846377287,1.5651961282577453,1.609202754238509,0.13587904074786555,0.8067948877893136,1.4293170875098797,0.018664107692171954
20,0,1,1,1,1.6330462846377287,1.5923007202658936,1.609202754238509,0.10877444873971717,0.9565918261572746,3.0927290257646853,9.421347781801365E-4
20,1,0,1,1,1.6330462846377287,1.5939229494361957,1.610824983408811,0.10715221956941506,0.9583822141305461,3.136719048477125,8.660200503378567E-4
21,1,0,0,1,1.6345402454217124,1.5939229494361957,1.6123189441927948,0.10565825878543143,0.8218426766230175,1.528881986636281,0.015870015936425362
21,0,1,0,1,1.6580170268971475,1.5939229494361957,1.6123189441927948,0.08218147730999625,0.8193191495359334,1.5117414721261995,0.016322784862209193
21,0,1,1,1,1.6580170268971475,1.6179953758166497,1.6123189441927948,0.05810905092954241,0.9597748100520892,3.1722052690799023,8.09032953172752E-4
21,0,0,0,0,1.6580170268971475,1.6193930568247727,1.6137166252009179,0.05671136992141934,0.4858259561717712,-0.05671136992141934,0.11801342984510788
21,1,1,1,1,1.6580170268971475,1.6193930568247727,1.6137166252009179,0.16593436633051592,0.9912089599454257,4.725192342592322,3.8641192620565004E-5
21,1,1,0,1,1.6580859695905747,1.6194619995182,1.6137855678943451,0.16586542363708864,0.9573720746500858,3.111682545471686,9.085700098189297E-4
21,1,0,1,1,1.659651680790052,1.6210277107176774,1.6137855678943451,0.1642997124376113,0.9572680898410743,3.1091375362467857,9.130080729152506E-4
21,0,0,1,1,1.6612248690791964,1.6210277107176774,1.6153587561834895,0.16272652414846697,0.8104032065274116,1.4526322320350225,0.017973472047543668
22,1,0,1,1,1.6612248690791964,1.6210277107176774,1.6415771230670577,0.13650815726489862,0.959545965261351,3.1662938348813556,8.182644633179079E-4
22,1,0,0,1,1.6626381613349246,1.6210277107176774,1.642990415322786,0.13509486500917042,0.8216465847571477,1.5275432963257543,0.01590497036439465
22,0,1,1,1,1.6861610375799478,1.6210277107176774,1.642990415322786,0.1115719887641471,0.9590049982973036,3.1524461372763164,8.402950823020417E-4
22,1,1,1,1,1.6861610375799478,1.6224782356488274,1.644440940253936,0.11012146383299697,0.9921779728317482,4.842958749649713,3.059205451043429E-5
22,0,0,1,1,1.6862156725526798,1.6225328706215594,1.644495575226668,0.1100668288602649,0.8226533688460268,1.534428746366403,0.01572591379083171
22,0,0,0,0,1.6862156725526798,1.6225328706215594,1.6677821319514456,0.08678027213548709,0.4783185368504229,-0.08678027213548709,0.11439431134736469
22,0,1,0,1,1.6862156725526798,1.6225328706215594,1.6677821319514456,0.19419957723091374,0.8066414907285014,1.4283332933906456,0.018693756553848098
22,1,1,0,1,1.6862156725526798,1.6496753579986005,1.6677821319514456,0.16705708985387263,0.9596444508189389,3.1688339406974078,8.142851748525207E-4
23,1,0,1,1,1.6876222362016562,1.651081921647577,1.6677821319514456,0.1656505262048962,0.960446870289496,3.1897538419482054,7.822250349479753E-4
23,1,1,0,1,1.6889745502576763,1.651081921647577,1.6691344460074657,0.16429821214887602,0.9599117569466818,3.1757582597563774,8.035336155509555E-4
23,0,0,0,0,1.690362928714081,1.6524703001039815,1.6691344460074657,0.1629098336924714,0.45936237741541874,-0.1629098336924714,0.1055068968923728
23,0,1,1,1,1.690362928714081,1.6524703001039815,1.6691344460074657,0.2655836299163755,0.9550417646300431,3.0560211161950717,0.0010106214637902223
23,1,0,0,1,1.690362928714081,1.6542076343750538,1.670871780278538,0.2638462956453033,0.8063579865565719,1.4265166330687775,0.0187486146852124
23,0,0,1,1,1.717575500053008,1.6542076343750538,1.670871780278538,0.2366337243063762,0.8075607952251221,1.4342380559721617,0.018516423767193688
23,0,1,0,1,1.717575500053008,1.6542076343750538,1.6977874285024266,0.2097180760824877,0.8091489226459806,1.444489558292566,0.018212066863594948
23,1,1,1,1,1.717575500053008,1.6807329280823557,1.6977874285024266,0.18319278237518574,0.9927025280788777,4.912903074262604,2.662654821978412E-5
24,0,0,0,0,1.7176230780881252,1.680780506117473,1.6978350065375438,0.1831452043400685,0.45434125206663817,-0.1831452043400685,0.10321298666474021
24,0,1,0,1,1.7176230780881252,1.680780506117473,1.6978350065375438,0.2845195286731694,0.8015898916989751,1.3962609774443036,0.019683285538012216
24,1,0,1,1,1.7176230780881252,1.7091807670183243,1.6978350065375438,0.25611926777231797,0.9592751242517709,3.159338816853351,8.292577523543509E-4
24,1,0,0,1,1.7190549534882928,1.7091807670183243,1.6992668819377115,0.2546873923721503,0.8121997731308599,1.4643675611161426,0.017634462606050248
24,0,1,1,1,1.7448358252385463,1.7091807670183243,1.6992668819377115,0.22890652062189676,0.9600570731851258,3.1795411283341393,7.977187012691987E-4
24,1,1,0,1,1.7448358252385463,1.7105593068851423,1.7006454218045295,0.22752798075507877,0.9618696045870619,3.22786715136861,7.269635271735038E-4
24,1,1,1,1,1.7460944646553231,1.7118179463019192,1.7006454218045295,0.2262693413383019,0.9928416273556269,4.93228849142347,2.562114945785481E-5
24,0,0,1,1,1.7461402525940235,1.7118637342406196,1.7006912097432298,0.22622355339960148,0.8137354982263774,1.4744676563436283,0.017347232310487935
25,0,1,1,1,1.7461402525940235,1.7118637342406196,1.7261001154518723,0.20081464769095897,0.9622085817616034,3.237149202001533,7.140956462347077E-4
25,1,1,0,1,1.7461402525940235,1.7131005303668296,1.7273369115780823,0.19957785156474883,0.9630187883496503,3.259662931396104,6.838050075639813E-4
25,0,0,1,1,1.7473255833197565,1.7142858610925626,1.7273369115780823,0.1983925208390158,0.8218518134792157,1.5289443907390665,0.015868388180322084
25,1,0,0,1,1.7473255833197565,1.7142858610925626,1.7508115460634641,0.17491788635363406,0.82812657366905,1.5724076969661225,0.014770237339370256
25,0,1,0,1,1.769342510191993,1.7142858610925626,1.7508115460634641,0.15290095948139762,0.8265519875370315,1.561384901611165,0.015042106513677034
25,1,1,1,1,1.769342510191993,1.736665410556685,1.7508115460634641,0.13052141001727535,0.9940965538018876,5.126298056794867,1.742533850700417E-5
25,1,0,1,1,1.7693736906361186,1.7366965910008105,1.7508427265075897,0.1304902295731498,0.9673819058792591,3.3897261875705587,5.319700320347561E-4
25,0,0,0,0,1.7703000033663474,1.7366965910008105,1.7517690392378185,0.129563916842921,0.4676542566181573,-0.129563916842921,0.10935025186654065
26,1,0,0,1,1.7703000033663474,1.7366965910008105,1.7517690392378185,0.23434577085691458,0.8228758198129901,1.5359542325094329,0.01568648760346018
26,0,1,1,1,1.793534459790378,1.7366965910008105,1.7517690392378185,0.21111131443288408,0.9636437069817041,3.277354315805745,6.608900210160958E-4
26,0,1,0,1,1.793534459790378,1.737842943518377,1.752915391755385,0.20996496191531758,0.8216956254208491,1.5278779816030594,0.015896224997031083
26,1,1,1,1,1.793534459790378,1.761354288891756,1.752915391755385,0.1864536165419388,0.9940674476401177,5.121350523895581,1.7597588751372678E-5
26,1,0,1,1,1.7935659475326204,1.7613857766339984,1.7529468794976275,0.18642212879969633,0.9664337190560156,3.360090698230551,5.633476082052449E-4
26,1,1,0,1,1.7945459361560347,1.7613857766339984,1.7539268681210418,0.18544214017628194,0.9667694229147096,3.3704895726137516,5.521356267107145E-4
26,0,0,1,1,1.7955067542702052,1.762346594748169,1.7539268681210418,0.18448132206211154,0.8277045521075124,1.5694455460589303,0.01484286068223646
26,0,0,0,0,1.7955067542702052,1.762346594748169,1.7760407741564144,0.16236741602673901,0.45949708904052644,-0.16236741602673901,0.10556878741835875
27,1,1,1,1,1.7955067542702052,1.762346594748169,1.7760407741564144,0.26507584245769156,0.9937494663242739,5.068818280717097,1.953458561569329E-5
27,1,0,0,1,1.7955416967414601,1.7623815372194238,1.7760757166276693,0.2650408999864367,0.8220795749397897,1.5305007967550235,0.01582783882680296
27,1,0,1,1,1.8189628341683768,1.7623815372194238,1.7760757166276693,0.24161976255952008,0.9662166102216535,3.353418788236526,5.706587124578432E-4
27,1,1,0,1,1.819955318036517,1.7623815372194238,1.7770682004958094,0.24062727869138004,0.9658323037376969,3.3417095765645604,5.837157339365004E-4
27,0,1,0,1,1.8209701067581814,1.7633963259410883,1.7770682004958094,0.23961248996971554,0.8210949940309745,1.5237838359713727,0.016003500580388522
27,0,1,1,1,1.8209701067581814,1.7870490355254403,1.7770682004958094,0.21595978038536368,0.9660444475179217,3.348157455635886,5.764897721815857E-4
27,0,0,1,1,1.8209701067581814,1.7880514820636806,1.7780706470340497,0.21495733384712326,0.8267996393471658,1.5631133131869264,0.014999182465135914
27,0,0,0,0,1.8209701067581814,1.7880514820636806,1.8003930206088679,0.1926349602723052,0.4519896331613704,-0.1926349602723052,0.1021473142426751
28,0,0,1,1,1.8209701067581814,1.7880514820636806,1.8003930206088679,0.29339497714178164,0.8186158908581922,1.5069980434670862,0.016450097524583623
28,1,1,1,1,1.8209701067581814,1.7880514820636806,1.8246323808404918,0.26915561691015755,0.9943165566612244,5.164498352752196,1.6150764092536218E-5
28,1,1,0,1,1.8209990129080333,1.7880803882135325,1.8246612869903438,0.26912671076030564,0.9657742785540566,3.33995269036126,5.857000042476543E-4
28,0,1,1,1,1.8220171901063258,1.789098565411825,1.8246612869903438,0.26810853356201314,0.9659621436974783,3.3456513188401558,5.792878308355564E-4
28,1,0,1,1,1.8220171901063258,1.7901057916186303,1.825668513197149,0.26710130735520793,0.9670922086037453,3.3805843959482673,5.41461367289706E-4
28,0,0,0,0,1.8229597476315442,1.7901057916186303,1.8266110707223675,0.2661587498299895,0.43385035828970364,-0.2661587498299895,0.09411306669405212
28,1,0,0,1,1.8229597476315442,1.7901057916186303,1.8266110707223675,0.3620664920103602,0.8116692578871163,1.460893255621184,0.017734234212394753
28,0,1,0,1,1.8488695465318117,1.7901057916186303,1.8266110707223675,0.33615669311009283,0.8106054601603803,1.4539490985085375,0.017935145860530653
29,0,1,0,1,1.8488695465318117,1.8162747805126045,1.8266110707223675,0.30998770421611865,0.818510299755287,1.506287076296486,0.016469255647457888
29,1,0,0,1,1.8488695465318117,1.8405392401907494,1.8266110707223675,0.28572324453797365,0.8268043633592234,1.563146301993838,0.014998364275701967
29,0,0,1,1,1.8711908299793343,1.8405392401907494,1.8266110707223675,0.263401961090451,0.8268133571598079,1.5632091096319165,0.014996806629128138
29,0,0,0,0,1.8711908299793343,1.8405392401907494,1.8489302787866382,0.24108275302618037,0.4400195405469985,-0.24108275302618037,0.09680859803159582
29,1,0,1,1,1.8711908299793343,1.8405392401907494,1.8489302787866382,0.3386624147947015,0.9671200216634908,3.381458693971271,5.405464877046585E-4
29,1,1,1,1,1.8721318219749525,1.8405392401907494,1.8498712707822564,0.3377214227990832,0.994647480028057,5.224820910148876,1.4324735025024188E-5
29,1,1,0,1,1.872157468485823,1.84056488670162,1.849896917293127,0.3376957762882127,0.9669148718941877,3.375026578899231,5.473128508890063E-4
29,0,1,1,1,1.8731100373690093,1.8415174555848062,1.849896917293127,0.33674320740502656,0.9662574665495224,3.3546711654729062,5.692792818283005E-4
30,1,0,0,1,1.8731100373690093,1.8425075822267196,1.8508870439350404,0.33575308076311317,0.8230801759527369,1.5373569566058962,0.015650312070457275
30,1,0,1,1,1.8962966682718103,1.8425075822267196,1.8508870439350404,0.3125664498603122,0.9687690683850078,3.4346172623465385,4.876855447701609E-4
30,0,0,0,0,1.8971470866793796,1.8425075822267196,1.8517374623426097,0.3117160314527429,0.42269593041526043,-0.3117160314527429,0.08933592479481134
30,0,1,1,1,1.8971470866793796,1.8425075822267196,1.8517374623426097,0.4045492187522324,0.9640736203261439,3.2896958258170965,6.45352378235032E-4
30,1,1,0,1,1.8971470866793796,1.8436274831933277,1.8528573633092178,0.40342931778562435,0.9656879867005732,3.3373452520870828,5.886571283300205E-4
30,0,1,0,1,1.8981703130901848,1.844650709604133,1.8528573633092178,0.40240609137481925,0.8088020027894892,1.4422446182293136,0.018278337068655243
30,0,0,1,1,1.8981703130901848,1.8712611097359544,1.8528573633092178,0.3757956912429977,0.8141283533463604,1.47706167206622,0.017274134514867735
30,1,1,1,1,1.8981703130901848,1.8712611097359544,1.8781714161477487,0.35048163840446667,0.9950189506470458,5.297121200569422,1.2405426328282633E-5
31,0,1,1,1,1.8981925316319024,1.871283328277672,1.8781936346894663,0.3504594198627492,0.9676738169866127,3.399017543104389,5.224910541075048E-4
31,1,0,0,1,1.8981925316319024,1.8721934099204771,1.8791037163322715,0.349549338219944,0.8247176804146902,1.5486431934119584,0.015361945779603344
31,1,1,1,1,1.9209972145539216,1.8721934099204771,1.8791037163322715,0.32674465529792474,0.9952533096734202,5.345549685508745,1.1265534528223202E-5
31,0,0,1,1,1.9210173962628656,1.8722135916294211,1.8791238980412155,0.3267244735889807,0.8252600131403554,1.5523994244522348,0.015267031503854393
31,0,1,0,1,1.9210173962628656,1.8722135916294211,1.9018025851562887,0.30404578647390756,0.8275222575208393,1.5681678051555137,0.014874285825353838
31,1,0,1,1,1.9210173962628656,1.8943694362827939,1.9018025851562887,0.2818899418205349,0.9718301842276573,3.5409300395986194,3.967692603238631E-4
31,0,0,0,0,1.921711462480907,1.8943694362827939,1.9024966513743302,0.2811958756024934,0.430160615641174,-0.2811958756024934,0.09251907762439693
31,1,1,0,1,1.921711462480907,1.8943694362827939,1.9024966513743302,0.37609370122537233,0.9689311304425265,3.4399871975383287,4.826373277896504E-4
32,1,0,0,1,1.9225532186778032,1.89521119247969,1.9024966513743302,0.37525194502847614,0.824523610067192,1.547301273649327,0.015395981711925442
32,0,1,0,1,1.9454030494367647,1.89521119247969,1.9024966513743302,0.35240211426951473,0.8238727115457479,1.5428090782101753,0.015510410869123657
32,1,1,0,1,1.9454030494367647,1.9182126801475703,1.9024966513743302,0.3294006266016343,0.9716457706748084,3.5342151029827007,4.019811603127778E-4
32,1,0,1,1,1.9461060993665207,1.9189157300773263,1.9024966513743302,0.3286975766718784,0.9712488562236038,3.5199051740689726,4.133141342255031E-4
32,1,1,1,1,1.9468286749507504,1.9189157300773263,1.90321922695856,0.32797500108764877,0.9956835175507036,5.440988630898988,9.316010367541873E-6
32,0,0,0,0,1.9468453713871006,1.9189324265136765,1.90323592339491,0.32795830465129866,0.4187374818542891,-0.32795830465129866,0.08767053935483556
32,0,0,1,1,1.9468453713871006,1.9189324265136765,1.90323592339491,0.41968558190195054,0.8151082400037836,1.4835503414929596,0.01709248145724925
32,0,1,1,1,1.9468453713871006,1.9189324265136765,1.9283139238551585,0.3946075814417022,0.9693097370073479,3.452638768927133,4.7094612127907535E-4
33,0,1,1,1,1.9468453713871006,1.9197541133034075,1.9291356106448896,0.3937858946519712,0.9693829837625673,3.455103829296326,4.6870084164160993E-4
33,1,1,1,1,1.9468453713871006,1.9205719444200602,1.9299534417615423,0.3929680635353186,0.9955233906178295,5.404402694033384,1.0020015780268641E-5
33,0,0,0,0,1.946863326675251,1.9205898997082107,1.9299713970496928,0.3929501082471681,0.4030073243812589,-0.3929501082471681,0.08120745175247063
33,1,0,0,1,1.946863326675251,1.9205898997082107,1.9299713970496928,0.48021456527056516,0.8125474797961428,1.466648761404686,0.01756922366538874
33,0,1,0,1,1.9725598178155666,1.9205898997082107,1.9299713970496928,0.4545180741302497,0.8124595885044823,1.466071825577961,0.017585702971954054
33,1,0,1,1,1.9725598178155666,1.9463077111084912,1.9299713970496928,0.4288002627299692,0.9699310221040203,3.4737309521352904,4.5207171585445884E-4
33,0,0,1,1,1.973349078902128,1.9463077111084912,1.9307606581362542,0.4280110016434077,0.8179842196493291,1.5027496564928464,0.016564872148331838
33,1,1,0,1,1.973349078902128,1.9463077111084912,1.9551503053683736,0.40362135441128827,0.9711405983667006,3.5160354355993313,4.16432531316041E-4
34,0,1,0,1,1.974077025069883,1.9470356572762462,1.9551503053683736,0.40289340824353337,0.8240660797326339,1.5441422490327128,0.015476372150321965
34,1,1,1,1,1.974077025069883,1.9699920532637647,1.9551503053683736,0.37993701225601495,0.9960072820184483,5.519282371446007,7.97089844010295E-6
34,0,0,1,1,1.974091315401086,1.9700063435949677,1.9551645956995767,0.3799227219248119,0.8285295953523925,1.5752418737747647,0.014701049835007135
34,1,0,0,1,1.974091315401086,1.9700063435949677,1.9770890544674735,0.357998263156915,0.8342556089452097,1.616093052244171,0.01373560158306163
34,1,0,1,1,1.9947175201943166,1.9700063435949677,1.9770890544674735,0.33737205836368445,0.9742801172485047,3.6344345162981058,3.3075618437533225E-4
34,1,1,0,1,1.9952975687076855,1.9700063435949677,1.9776691029808424,0.3367920098503155,0.9741312885757003,3.628511902452338,3.345951153768468E-4
34,0,0,0,0,1.9958842599352933,1.9705930348225755,1.9776691029808424,0.33620531862270775,0.4167315440117735,-0.33620531862270775,0.08683258988721834
34,0,1,1,1,1.9958842599352933,1.9705930348225755,1.9776691029808424,0.4273693977620659,0.9712764206944637,3.520892740041352,4.125220040607155E-4
35,0,0,0,0,1.9958842599352933,1.9713142460345867,1.9783903141928536,0.42664818655005465,0.3949269970521448,-0.42664818655005465,0.0779836665003124
35,1,0,0,1,1.9958842599352933,1.9713142460345867,1.9783903141928536,0.5115826468364653,0.8152214349390694,1.484301613098828,0.01707155905298828
35,0,0,1,1,2.020935041497377,1.9713142460345867,1.9783903141928536,0.48653186527438175,0.8163570517498762,1.4918584489184719,0.01686236622099883
35,0,1,0,1,2.020935041497377,1.9713142460345867,2.003168595025516,0.4617535844417194,0.818996087792449,1.5095606615928674,0.01638120811721941
35,1,0,1,1,2.020935041497377,1.9954633076849566,2.003168595025516,0.4376045227913495,0.9730512309853858,3.5864991137315436,3.631180757015147E-4
35,0,1,1,1,2.021571039980375,1.9954633076849566,2.003804593508514,0.43696852430835154,0.9724093356815997,3.562299376885119,3.806223787653236E-4
35,1,1,1,1,2.021571039980375,1.996129525043022,2.004470810866579,0.4363023069502862,0.9962635246896548,5.585869068939689,6.980623872409462E-6
35,1,1,0,1,2.0215835581540733,1.9961420432167205,2.0044833290402777,0.43628978877658764,0.9729181399093974,3.581435812594206,3.667135729834883E-4
36,0,1,1,1,2.0222257662712253,1.9967842513338725,2.0044833290402777,0.4356475806594357,0.972498286446501,3.5656199997147144,3.78172124189354E-4
36,1,1,1,1,2.0222257662712253,1.9974462404708333,2.0051453181772385,0.43498559152247496,0.9962782467931603,5.589831733396823,6.925723466310613E-6
36,1,1,0,1,2.0222381861769643,1.9974586603765723,2.0051577380829775,0.43497317161673593,0.9730046353610535,3.5847236749368006,3.643748559948408E-4
36,1,0,0,1,2.02287635533997,1.9980968295395778,2.0051577380829775,0.43433500245373036,0.8304107826588814,1.5885413528862395,0.014380251319186589
36,0,1,0,1,2.044371083695005,1.9980968295395778,2.0051577380829775,0.4128402740986955,0.8299476866598532,1.5852565554408824,0.014458894636167736
36,1,0,1,1,2.044371083695005,2.0196970566184804,2.0051577380829775,0.39124004701979276,0.9748711513427158,3.6582887747581903,3.1572951742034577E-4
36,0,0,0,0,2.044925115771694,2.0196970566184804,2.0057117701596665,0.39068601494310395,0.4035521674854298,-0.39068601494310395,0.08142717594109421
36,0,0,1,1,2.044925115771694,2.0196970566184804,2.0057117701596665,0.4781067276192307,0.8216556330822785,1.527605042540436,0.015903356605641437
37,0,0,0,0,2.044925115771694,2.0196970566184804,2.029232518731561,0.4545859790473359,0.3882709633064492,-0.4545859790473359,0.07537717047345902
37,0,1,0,1,2.044925115771694,2.0196970566184804,2.029232518731561,0.5375847060356822,0.8148914267938359,1.4821123505827982,0.017132591937210916
37,0,0,1,1,2.044925115771694,2.044827220737583,2.029232518731561,0.5124545419165796,0.8200635311943781,1.5167779768149816,0.016188566403118266
37,1,1,1,1,2.044925115771694,2.044827220737583,2.05312869400469,0.4885583666434511,0.9965098790579748,5.654322663870516,6.090472094981314E-6
37,0,1,1,1,2.0449360403597936,2.0448381453256825,2.0531396185927893,0.4885474420553517,0.973646066717084,3.60943032186312,3.4726489974019436E-4
37,1,0,0,1,2.0449360403597936,2.045446748912416,2.053748222179523,0.487938838468618,0.8259220486609967,1.5569972018911755,0.015151566571192196
37,1,1,0,1,2.067461263585018,2.045446748912416,2.053748222179523,0.4654136152433935,0.9746053574087354,3.647494397254041,3.22443936169034E-4
37,1,0,1,1,2.0680269236427957,2.046012408970194,2.053748222179523,0.4648479551856157,0.9748377745104518,3.6569271906367034,3.1656879579343363E-4
38,1,1,1,1,2.068582409439463,2.046012408970194,2.05430370797619,0.4642924693889484,0.9966804668123137,5.704606056996899,5.509650292075373E-6
38,0,0,0,0,2.068592293888948,2.046022293419679,2.0543135924256752,0.4642825849394633,0.38597036869932333,-0.4642825849394633,0.07448656275694579
38,1,0,0,1,2.068592293888948,2.046022293419679,2.0543135924256752,0.5466091069391671,0.8208303293301794,1.521983186949781,0.016050885443965983
38,0,1,0,1,2.092307390341969,2.046022293419679,2.0543135924256752,0.5228940104861463,0.8209986743263226,1.5231282829335329,0.016020737296466966
38,1,0,1,1,2.092307390341969,2.0696977007675126,2.0543135924256752,0.4992186031383129,0.974603079895632,3.6474023796293307,3.2250177539382586E-4
38,0,0,1,1,2.092873150544396,2.0696977007675126,2.0548793526281024,0.49865284293588574,0.825811214695798,1.5562265096922165,0.015170866462876692
38,0,1,1,1,2.092873150544396,2.0696977007675126,2.077430241619155,0.47610195394483307,0.9751812996926704,3.6710259884418344,3.079839424725206E-4
38,1,1,0,1,2.092873150544396,2.0702383130938613,2.0779708539455037,0.4755613416184844,0.9755781041548793,3.687550122019773,2.9821449833496107E-4
39,0,0,1,1,2.093396827307247,2.0707619898567122,2.0779708539455037,0.4750376648556336,0.8324279396160134,1.6029331890898701,0.014040197710667232
39,1,1,0,1,2.093396827307247,2.0707619898567122,2.0990082690792695,0.45400024972186764,0.9761110083929817,3.7101585674420914,2.8534196000009525E-4
39,0,1,0,1,2.0938981730782094,2.0712633356276746,2.0990082690792695,0.4534989039509051,0.8344865868138243,1.6177644316767696,0.013697344972268866
39,0,0,0,0,2.0938981730782094,2.091837786805451,2.0990082690792695,0.43292445277312885,0.3934282158993372,-0.43292445277312885,0.07739288053286773
39,1,0,1,1,2.0938981730782094,2.091837786805451,2.0990082690792695,0.5174242604918488,0.9752889236730469,3.6754821816656307,3.053186466182517E-4
39,0,1,1,1,2.094434166087837,2.091837786805451,2.099544262088897,0.516888267482221,0.9752650915992075,3.674493781412127,3.0590784679779796E-4
39,1,1,1,1,2.094434166087837,2.092374801045062,2.100081276328508,0.5163512532426103,0.9968916157313215,5.770538990218797,4.8310263808841215E-6
39,1,0,0,1,2.094442834905287,2.092383469862512,2.100089945145958,0.5163425844251602,0.8289352988292319,1.578100250480127,0.014631565993322096
40,1,1,1,1,2.1162743536575124,2.092383469862512,2.100089945145958,0.4945110656729349,0.9970241245523708,5.814236702993048,4.427917339901229E-6
40,1,0,0,1,2.116282300190249,2.0923914163952486,2.1000978916786948,0.49450311914019796,0.8350403544841587,1.621779181050051,0.01360584232435601
40,0,0,1,1,2.1367328695059036,2.0923914163952486,2.1000978916786948,0.4740525498245435,0.835627169789388,1.6260453418541512,0.01350921365572334
40,0,1,1,1,2.1367328695059036,2.0923914163952486,2.120417490430477,0.45373295107276146,0.9772255002393135,3.759075955752964,2.5933891967475385E-4
40,1,0,1,1,2.1367328695059036,2.0928475950851677,2.120873669120396,0.45327677238284225,0.9782112052200004,3.8043297662434576,2.3737578898246935E-4
40,0,1,0,1,2.1371508360878386,2.0928475950851677,2.121291635702331,0.4528588058009072,0.8375334119695796,1.6399887892842604,0.013197696113123164
40,1,1,0,1,2.1371508360878386,2.112743915705539,2.121291635702331,0.43296248518053615,0.9784782028206267,3.816932266612841,2.3159387691504033E-4
40,0,0,0,0,2.137558733296681,2.1131518129143814,2.121291635702331,0.4325545879716936,0.39351648482181145,-0.4325545879716936,0.07742761191325748
41,0,1,1,1,2.137558733296681,2.1131518129143814,2.121291635702331,0.5170800144127026,0.9762784386300194,3.71736343420401,2.8135623691487804E-4
41,1,0,0,1,2.137558733296681,2.113646240564195,2.1217860633521446,0.5165855867628892,0.8349292948870699,1.6209731465337918,0.013624168843239963
41,0,0,1,1,2.158034125130957,2.113646240564195,2.1217860633521446,0.4961101949286135,0.8355764146936134,1.625675868423531,0.01351755770250329
41,1,0,1,1,2.158034125130957,2.113646240564195,2.142116977672994,0.4757792806077644,0.9786343130956261,3.8243718221961864,2.2824628844786727E-4
41,1,1,1,1,2.158436190500438,2.113646240564195,2.142519043042475,0.4753772152382832,0.9973728478915574,5.939224258868825,3.450964100447079E-6
41,0,0,0,0,2.1584423859166453,2.113652435980402,2.142525238458682,0.4753710198220761,0.3833457856420639,-0.4753710198220761,0.0734769956847656
41,1,1,0,1,2.1584423859166453,2.113652435980402,2.142525238458682,0.5569288381073432,0.9762274949108098,3.715165983789704,2.825659991077859E-4
41,0,1,0,1,2.158938913572066,2.114148963635823,2.142525238458682,0.5564323104519224,0.826025463386143,1.5577166531839004,0.015133569695003131
42,1,0,1,1,2.158938913572066,2.1366502486918253,2.142525238458682,0.5339310253959199,0.9774129638122965,3.767533126634828,2.550871018723143E-4
42,0,1,1,1,2.1593876993645544,2.1366502486918253,2.1429740242511706,0.5334822396034316,0.9769358614371981,3.7461420333395647,2.6597724382206224E-4
42,1,0,0,1,2.1593876993645544,2.1371179655658943,2.1434417411252396,0.5330145227293628,0.8356721943855161,1.6263731766351917,0.013501813849035803
42,1,1,1,1,2.1796972620978896,2.1371179655658943,2.1434417411252396,0.5127049599960275,0.9973945785459113,5.947552008792996,3.394110476712858E-6
42,0,0,1,1,2.1797033555791887,2.1371240590471934,2.1434478346065386,0.5126988665147283,0.8362722140648035,1.6307489680918104,0.013403393943620771
42,0,1,0,1,2.1797033555791887,2.1371240590471934,2.1636238292791248,0.49252287184214216,0.8381600497854318,1.6446011872050512,0.013096084742726957
42,0,0,0,0,2.1797033555791887,2.1568819661191183,2.1636238292791248,0.4727649647702173,0.38396202266353613,-0.4727649647702173,0.07371341742393692
42,1,1,0,1,2.1797033555791887,2.1568819661191183,2.1636238292791248,0.5545034410005383,0.9777319335332024,3.7820818806977683,2.4793339208485735E-4
43,0,1,0,1,2.1801396978898837,2.1573183084298133,2.1636238292791248,0.5540670986898433,0.8324722961562876,1.60325120973997,0.014032765777573307
43,1,0,0,1,2.1801396978898837,2.178345708176717,2.1636238292791248,0.5330396989429396,0.838498721699263,1.6470999989469441,0.013041331446386055
43,0,0,0,0,2.1998229494345756,2.178345708176717,2.1636238292791248,0.5133564473982476,0.37440702611673254,-0.5133564473982476,0.07009031060278782
43,0,1,1,1,2.1998229494345756,2.178345708176717,2.1636238292791248,0.5922828579289675,0.9770155951787052,3.749686679526875,2.6414143249458037E-4
43,1,1,0,1,2.1998229494345756,2.178810234714701,2.1640883558171087,0.5918183313909834,0.9778347480809267,3.7868148527582925,2.4564919631799037E-4
43,0,0,1,1,2.200255317210572,2.1792426024906972,2.1640883558171087,0.5913859636149872,0.8281685144559615,1.5727023922021215,0.014763029712135554
43,1,1,1,1,2.200255317210572,2.1792426024906972,2.186095653311132,0.5693786661209639,0.9975180232726847,5.996214906891437,3.0801042374674232E-6
43,1,0,1,1,2.200260847637655,2.17924813291778,2.186101183738215,0.5693731356938811,0.978479395317764,3.816988895681989,2.3156821294453996E-4
44,1,1,1,1,2.200668700142613,2.17924813291778,2.1865090362431734,0.5689652831889229,0.9975211054353204,5.997460586114643,3.072459131399145E-6
44,0,0,0,0,2.2006742168597055,2.1792536496348727,2.186514552960266,0.5689597664718304,0.3614768879395609,-0.5689597664718304,0.06533277025723494
44,1,0,0,1,2.2006742168597055,2.1792536496348727,2.186514552960266,0.6440494372833533,0.8258684972109002,1.5566247795763521,0.015160890131795142
44,0,1,1,1,2.223211839648851,2.1792536496348727,2.186514552960266,0.6215118144942079,0.9768933354992516,3.74425638810093,2.6695897217507284E-4
44,1,1,0,1,2.223211839648851,2.1797230724282577,2.186983975753651,0.6210423917008226,0.9777278103694876,3.7818925203762865,2.480252154687512E-4
44,1,0,1,1,2.2236483417203567,2.1801595744997635,2.186983975753651,0.6206058896293166,0.9779042488942596,3.790026427844691,2.4411110846341312E-4
44,0,1,0,1,2.22407803284266,2.1801595744997635,2.1874136668759543,0.620176198507013,0.8263509675312518,1.5599833759927506,0.015076993238666181
44,0,0,1,1,2.22407803284266,2.2025855728101846,2.1874136668759543,0.5977502001965919,0.8305687499178384,1.5896634666793625,0.014353474252202
45,1,0,1,1,2.22407803284266,2.2025855728101846,2.208872451775887,0.5762914152966592,0.9792990824685744,3.856659069321888,2.1426399332144096E-4
45,1,1,1,1,2.2244557242003786,2.2025855728101846,2.2092501431336053,0.5759137239389408,0.9976719133222375,6.0603777162052275,2.709993789587663E-6
45,0,0,0,0,2.224460590832819,2.2025904394426252,2.209255009766046,0.5759088573065003,0.35987450783546526,-0.5759088573065003,0.06475483069490917
45,0,1,1,1,2.224460590832819,2.2025904394426252,2.209255009766046,0.650521049469998,0.9772754875500759,3.7613243997386734,2.5820173304337833E-4
45,0,1,0,1,2.224460590832819,2.2030446410468083,2.209709211370229,0.6500668478658148,0.8253434016478242,1.5529777931809936,0.015252463673976636
45,1,1,0,1,2.224460590832819,2.22570397750075,2.209709211370229,0.6274075114118732,0.9786005235467142,3.8227570569216964,2.2896879623736607E-4
45,0,0,1,1,2.224863915003792,2.2261073016717225,2.209709211370229,0.6270041872409005,0.8295872742770452,1.5827050241293286,0.01452024854416352
45,1,0,0,1,2.224863915003792,2.2261073016717225,2.231391675511069,0.6053217231000604,0.8347319828004512,1.6195421919037316,0.013656758754535172
46,1,1,0,1,2.245383434968633,2.2261073016717225,2.231391675511069,0.5848022031352194,0.9798991692640049,3.8866885335051355,2.020216981385629E-4
46,0,1,1,1,2.245739764578156,2.2264636312812454,2.231391675511069,0.5844458735256967,0.9796359400564378,3.873409433266618,2.073474686924965E-4
46,1,0,1,1,2.245739764578156,2.226829256339585,2.231757300569409,0.5840802484673571,0.9800312677959063,3.893416816680208,1.9937513291940393E-4
46,0,1,0,1,2.2460914735338635,2.226829256339585,2.2321090095251166,0.5837285395116495,0.8379564110207991,1.6431007168279357,0.0131290623646301
46,1,0,0,1,2.2460914735338635,2.2466321039020256,2.2321090095251166,0.5639256919492088,0.8431911033572361,1.6821657815846547,0.012294515033160501
46,0,0,1,1,2.2647513997867583,2.2466321039020256,2.2321090095251166,0.5452657656963139,0.8438085644775511,1.6868432438288026,0.01219788226528165
46,1,1,1,1,2.2647513997867583,2.2466321039020256,2.2506358290681967,0.5267389461532336,0.9980447506520063,6.235280386603746,1.911500006414967E-6
46,0,0,0,0,2.2647548337593433,2.2466355378746106,2.2506392630407817,0.5267355121806485,0.37127859928440643,-0.5267355121806485,0.06892389914329543
47,0,1,0,1,2.2647548337593433,2.2466355378746106,2.2506392630407817,0.6047365869225239,0.8377931624005484,1.6418989509520867,0.01315552908200744
47,1,1,1,1,2.2647548337593433,2.266474440037412,2.2506392630407817,0.5848976847597226,0.997968547796453,6.196970852077815,2.0633990276478718E-6
47,0,0,0,0,2.264758540332539,2.266478146610608,2.2506429696139776,0.5848939781865266,0.35780726849767774,-0.5848939781865266,0.06401302069488463
47,1,0,0,1,2.264758540332539,2.266478146610608,2.2506429696139776,0.6588896320876994,0.8328370484195327,1.6058689082448399,0.013971726190546836
47,1,0,1,1,2.285703648495889,2.266478146610608,2.2506429696139776,0.6379445239243497,0.9801285964688822,3.8984020941855166,1.9743633914826101E-4
47,0,0,1,1,2.286051971899455,2.266478146610608,2.250991293017544,0.6375962005207834,0.8338822169486767,1.6133950924967606,0.013797558922943256
47,0,1,1,1,2.286051971899455,2.266478146610608,2.271701263259203,0.6168862302791243,0.9805695695569521,3.9212931795906862,1.887708136010619E-4
47,1,1,0,1,2.286051971899455,2.2668113318583956,2.2720344485069908,0.6165530450313363,0.9808536329429636,3.9363102587265146,1.832916857413849E-4
48,1,1,1,1,2.286375580067981,2.267134940026921,2.2720344485069908,0.6162294368628105,0.9979934212595796,6.209315531739082,2.0131791207536163E-6
48,0,1,0,1,2.2863791965191136,2.267138556478054,2.2720380649581235,0.6162258204116775,0.8390143711556136,1.6509127360663765,0.012958186347211265
48,0,1,1,1,2.2863791965191136,2.286708344703015,2.2720380649581235,0.5966560321867166,0.981331823638728,3.9620903774744214,1.7425040432777824E-4
48,1,0,1,1,2.2863791965191136,2.287016140143703,2.2723458603988114,0.5963482367460288,0.9813370704525751,3.9623768201718965,1.7415246964607229E-4
48,0,0,0,0,2.286686820612988,2.287016140143703,2.2726534844926856,0.5960406126521546,0.35525006072782805,-0.5960406126521546,0.06310130282356276
48,0,0,1,1,2.286686820612988,2.287016140143703,2.2726534844926856,0.6692728227464312,0.8324903490372842,1.6033806617462543,0.014029741582825429
48,1,0,0,1,2.286686820612988,2.287016140143703,2.2936768085336263,0.6482494987054905,0.8373221913804159,1.6384373219074972,0.013232034708635022
48,1,1,0,1,2.3066298779505687,2.287016140143703,2.2936768085336263,0.6283064413679097,0.9813912549154139,3.965339576726362,1.7314269681155362E-4
49,0,1,1,1,2.3069357352618747,2.2873219974550087,2.2936768085336263,0.6280005840566038,0.9811645273053378,3.9529982219320314,1.7738751581568334E-4
49,1,0,0,1,2.3069357352618747,2.287635280863598,2.2939900919422156,0.6276873006480145,0.8428049858200676,1.6792484346138603,0.012355136241514578
49,1,1,1,1,2.325679082026577,2.287635280863598,2.2939900919422156,0.608943953883312,0.9981640590127875,6.298360500949079,1.6853396542634309E-6
49,0,0,0,0,2.3256821100684233,2.287638308905444,2.2939931199840617,0.6089409258414659,0.35230082488821585,-0.6089409258414659,0.06205793560845866
49,0,1,0,1,2.3256821100684233,2.287638308905444,2.2939931199840617,0.6812916985063959,0.8329035433004586,1.6063466103990482,0.013960612920770861
49,1,0,1,1,2.3256821100684233,2.3085684280484853,2.2939931199840617,0.6603615793633547,0.9812808868592716,3.95931365068913,1.75202598387695E-4
49,0,0,1,1,2.32599157139845,2.3085684280484853,2.2943025813140885,0.6600521180333281,0.8367510779505417,1.6342504632807604,0.013325105275155055
49,1,1,0,1,2.32599157139845,2.3085684280484853,2.3143722144791115,0.6399824848683053,0.9819177635205237,3.99457751457863,1.6348363804985112E-4
50,1,0,1,1,2.326280520877293,2.3088573775273282,2.3143722144791115,0.6396935353894624,0.9820307242743223,4.0009591999669425,1.6144743505271575E-4
50,0,0,1,1,2.326565904292132,2.3088573775273282,2.3146575978939503,0.6394081519746238,0.8422744542512984,1.6752494459193266,0.012438673890862876
50,1,1,1,1,2.326565904292132,2.3088573775273282,2.333515796967416,0.6205499529011582,0.9982534924318035,6.348389125885717,1.5251443428838227E-6
50,0,1,0,1,2.326568644757332,2.3088601179925283,2.333518537432616,0.6205472124359581,0.8440021616750123,1.6883129055565702,0.012167662781034502
50,1,0,0,1,2.326568644757332,2.3273452786340347,2.333518537432616,0.6020620517944518,0.8487084037188282,1.72450659296288,0.011444573552652543
50,1,1,0,1,2.344052235109338,2.3273452786340347,2.333518537432616,0.5845784614424459,0.9834847681415632,4.0868190523009265,1.363764416689636E-4
50,0,1,1,1,2.3442936585849443,2.3275867021096412,2.333518537432616,0.5843370379668392,0.9833207216178336,4.076768201575418,1.390991636749022E-4
50,0,0,0,0,2.3442936585849443,2.3278329044716437,2.3337647397946184,0.584090835604837,0.3579918366535948,-0.584090835604837,0.06407907755530705
51,0,1,0,1,2.3442936585849443,2.3278329044716437,2.3337647397946184,0.6581415592072232,0.8415346651278958,1.6696913452644204,0.012555631178064068
51,0,1,1,1,2.3442936585849443,2.3468517024536664,2.3337647397946184,0.6391227612252004,0.9827322089062274,4.041493681023084,1.4908830462908673E-4
51,0,0,0,0,2.3442936585849443,2.3471154274357406,2.3340284647766927,0.638859036243126,0.3455045013298314,-0.638859036243126,0.059686680219587736
51,0,0,1,1,2.3442936585849443,2.3471154274357406,2.3340284647766927,0.7091754306048408,0.8354633355373301,1.624853034171852,0.01353615697625061
51,1,0,1,1,2.3442936585849443,2.3471154274357406,2.354384597920616,0.6888192974609174,0.9821871009311882,4.009858959044643,1.5864968661783783E-4
51,1,1,0,1,2.3445741412013175,2.3471154274357406,2.3546650805369893,0.6885388148445444,0.9820693564414539,4.0031507537925135,1.6075398921181578E-4
51,1,1,1,1,2.3448583100214324,2.3473995962558556,2.3546650805369893,0.6882546460244292,0.9982713223282869,6.358668340789848,1.4941632463397836E-6
51,1,0,0,1,2.344860994866008,2.347402281100431,2.354667765381565,0.6882519611798538,0.8397822808305924,1.6566090336861543,0.012834858767923585